t,r,l,episode_ale_score
6608,1.0,413,200.0
6864,0.0,429,180.0
7632,5.0,477,280.0
7888,12.5,493,430.0
7984,7.5,499,330.0
8272,2.5,517,230.0
8944,6.0,559,300.0
9680,17.5,605,530.0
9744,38.5,609,950.0
10096,1.5,631,210.0
11312,20.0,707,580.0
11760,6.5,735,310.0
12256,3.5,353,250.0
13264,42.5,829,1030.0
14288,41.0,893,1000.0
14736,24.5,921,670.0
15616,32.5,547,830.0
15696,4.0,981,260.0
15712,10.0,377,380.0
16576,6.5,519,310.0
17888,11.5,509,410.0
18688,3.0,669,240.0
18784,24.5,697,670.0
19904,83.0,751,1840.0
20064,5.5,519,290.0
20608,28.5,657,750.0
21152,6.0,615,300.0
21744,7.5,593,330.0
23648,2.5,557,230.0
23744,37.0,925,920.0
24960,15.0,731,480.0
26368,5.5,755,290.0
26544,15.0,623,480.0
26704,12.5,693,430.0
27616,9.5,745,370.0
27984,15.5,767,490.0
29424,3.5,595,250.0
29776,16.5,687,510.0
30208,-3.5,529,110.0
31344,6.5,705,310.0
31408,7.0,675,320.0
31504,16.5,801,510.0
31856,11.5,873,410.0
32112,-3.5,529,110.0
33424,-3.5,529,110.0
34832,-5.5,529,70.0
35008,-3.5,529,110.0
36288,6.5,519,310.0
36672,13.5,623,450.0
36688,5.5,971,290.0
37104,6.0,835,300.0
37536,1.0,485,200.0
37888,6.5,529,310.0
39408,5.5,575,290.0
40416,6.5,535,310.0
40544,5.5,571,290.0
40896,6.5,597,310.0
41216,0.5,487,190.0
41488,15.5,867,490.0
42528,34.0,689,860.0
42560,17.0,653,520.0
44944,7.5,541,330.0
45344,37.0,657,920.0
45520,7.0,657,320.0
46496,5.0,613,280.0
46960,5.5,643,290.0
47456,11.5,647,410.0
48432,34.5,681,870.0
50128,32.5,557,830.0
50288,1.0,483,200.0
50496,37.0,693,920.0
51472,4.0,691,260.0
51856,15.5,873,490.0
51984,34.0,715,860.0
53056,17.5,723,530.0
53264,1.5,671,210.0
53616,15.5,795,490.0
54816,1.5,581,210.0
55440,-1.0,499,160.0
57792,11.5,803,410.0
57824,0.5,471,190.0
58400,-2.0,517,140.0
58448,31.5,819,810.0
58640,1.5,759,210.0
58800,-2.0,519,140.0
59520,-4.0,503,100.0
60192,-2.0,521,140.0
60384,-2.0,525,140.0
61424,-2.0,523,140.0
62208,-2.0,537,140.0
62624,12.5,887,430.0
62880,32.5,601,830.0
64848,-2.0,439,140.0
64992,-2.0,597,140.0
65744,-2.0,683,140.0
66160,-2.0,523,140.0
66912,-2.0,517,140.0
67392,-1.0,559,160.0
68496,0.5,519,190.0
68880,-1.0,585,160.0
69680,2.0,581,220.0
70368,-1.0,559,160.0
71072,-2.0,767,140.0
71072,1.5,1507,210.0
71088,-5.5,529,70.0
71152,2.0,517,220.0
71248,11.5,803,410.0
73296,3.0,519,240.0
74736,-1.0,783,160.0
75008,1.0,635,200.0
75136,6.5,561,310.0
75744,2.5,625,230.0
76672,1.5,487,210.0
76688,1.0,581,200.0
76912,2.5,625,230.0
78432,2.5,621,230.0
78720,15.5,565,490.0
79440,1.5,523,210.0
79536,-3.5,529,110.0
80064,7.0,561,320.0
80896,2.5,609,230.0
82688,4.0,587,260.0
83008,-2.0,517,140.0
83312,6.5,809,310.0
84000,7.0,797,320.0
84992,3.5,519,250.0
85392,2.5,649,230.0
85520,2.5,649,230.0
86224,2.5,597,230.0
86720,1.5,613,210.0
87312,1.5,723,210.0
87424,0.5,493,190.0
87696,1.5,561,210.0
89024,3.5,599,250.0
89104,1.5,565,210.0
90416,3.5,595,250.0
90480,-1.0,487,160.0
90832,7.0,775,320.0
91104,0.5,487,190.0
92464,-5.5,529,70.0
92784,1.0,487,200.0
93312,1.0,487,200.0
94448,13.5,715,450.0
95072,11.5,605,410.0
95184,-3.5,529,110.0
95552,0.5,515,190.0
95760,3.0,521,240.0
96032,0.5,521,190.0
97296,-2.0,517,140.0
97408,5.5,519,290.0
97984,0.5,469,190.0
98208,1.0,487,200.0
99360,2.0,533,220.0
99632,-1.0,533,160.0
100160,5.5,871,290.0
100768,3.0,519,240.0
101584,2.0,517,220.0
101664,2.0,555,220.0
102576,3.5,469,250.0
102720,2.0,517,220.0
103056,3.5,469,250.0
103488,0.5,519,190.0
104560,-1.0,533,160.0
104912,3.5,469,250.0
105504,6.5,609,310.0
106464,0.5,573,190.0
106672,-3.5,529,110.0
108304,6.5,559,310.0
108672,3.0,565,240.0
109200,-1.0,701,160.0
109392,3.5,539,250.0
110048,-5.5,529,70.0
111360,6.5,519,310.0
112400,7.0,765,320.0
112592,3.0,683,240.0
113040,6.5,597,310.0
113600,6.5,543,310.0
114304,6.5,609,310.0
114480,1.5,735,210.0
114976,6.5,775,310.0
115200,-1.0,533,160.0
115440,6.5,561,310.0
116704,0.5,469,190.0
116720,-1.0,701,160.0
118384,36.5,607,910.0
119600,6.5,597,310.0
120208,16.5,553,510.0
121152,7.5,803,330.0
121888,17.0,781,520.0
123136,15.0,671,480.0
123328,3.5,671,250.0
123440,-5.5,529,70.0
123696,5.5,587,290.0
124640,7.5,725,330.0
124752,27.5,697,730.0
125920,1.5,575,210.0
126064,2.5,679,230.0
127104,19.0,789,560.0
127200,5.0,735,280.0
127936,2.5,597,230.0
128512,1.5,557,210.0
129488,34.0,799,860.0
130064,19.5,557,570.0
130144,33.5,621,850.0
131424,4.0,499,260.0
132432,0.0,659,180.0
133200,28.5,617,750.0
133472,33.5,463,850.0
133808,2.5,493,230.0
134000,2.5,679,230.0
134368,3.5,667,250.0
135824,20.5,699,590.0
135920,-1.5,281,150.0
136144,16.5,565,510.0
137024,6.0,767,300.0
137360,9.0,553,360.0
137648,11.5,607,410.0
138032,12.5,493,430.0
139648,35.0,635,880.0
139904,24.5,615,670.0
140304,43.0,819,1040.0
142160,6.0,543,300.0
142784,12.0,429,420.0
142816,34.0,649,860.0
143200,5.5,441,290.0
143824,15.5,591,490.0
144544,21.0,545,600.0
145824,7.5,511,330.0
146048,28.0,765,740.0
146272,8.0,373,340.0
147008,11.0,603,400.0
147008,33.5,863,850.0
147696,16.0,487,500.0
149904,48.5,805,1150.0
150816,26.0,1051,700.0
150880,55.5,803,1290.0
150928,27.0,705,720.0
152464,12.5,579,430.0
153200,43.5,649,1050.0
153584,6.0,471,300.0
153776,10.5,577,390.0
154128,13.5,519,450.0
154544,7.0,735,320.0
155680,36.5,741,910.0
156368,16.5,585,510.0
156368,5.5,585,290.0
156448,22.5,893,630.0
158080,8.0,649,340.0
160112,5.5,581,290.0
160192,-1.0,483,160.0
160880,7.0,913,320.0
160896,17.5,623,530.0
161264,15.5,649,490.0
161696,16.0,737,500.0
163232,7.5,591,330.0
163392,32.5,613,830.0
163744,15.5,659,490.0
163776,18.5,463,550.0
164480,1.5,647,210.0
164624,35.5,559,890.0
165824,15.0,591,480.0
165904,25.0,591,680.0
166112,13.5,723,450.0
167936,3.5,489,250.0
169760,11.5,531,410.0
170160,35.5,623,890.0
170704,53.5,789,1250.0
171568,40.5,617,990.0
171824,5.0,527,280.0
172512,6.5,727,310.0
172688,12.5,559,430.0
172912,27.5,751,730.0
173968,6.0,593,300.0
174224,21.0,653,600.0
174352,15.0,695,480.0
174704,15.0,537,480.0
174912,23.0,563,640.0
175072,16.0,653,500.0
175568,5.5,477,290.0
178128,21.0,769,600.0
178688,5.5,499,290.0
179216,11.5,591,410.0
181152,18.0,687,540.0
181344,14.0,611,460.0
182224,17.5,607,530.0
182400,12.5,527,430.0
182752,24.5,615,670.0
183344,7.5,527,330.0
183424,13.5,671,450.0
183792,3.0,545,240.0
184256,22.0,777,620.0
184384,12.5,627,430.0
184992,35.0,673,880.0
185088,2.5,595,230.0
187328,62.5,789,1430.0
187456,26.5,583,710.0
187936,2.5,545,230.0
190592,15.0,453,480.0
190768,2.5,755,230.0
191280,1.5,633,210.0
192144,3.5,675,250.0
192400,15.0,603,480.0
192432,3.5,563,250.0
192800,17.0,661,520.0
193776,19.5,595,570.0
194224,17.0,739,520.0
196048,13.0,691,440.0
196432,37.5,709,930.0
196944,16.5,785,510.0
197024,14.0,827,460.0
197456,17.5,595,530.0
198160,7.0,677,320.0
198896,5.5,519,290.0
198944,15.0,479,480.0
200864,-3.5,529,110.0
201168,8.0,857,340.0
201792,37.0,585,920.0
202240,-3.5,529,110.0
202528,15.0,735,480.0
203104,74.5,685,1670.0
203728,2.5,683,230.0
205488,-3.5,529,110.0
205632,5.5,575,290.0
205760,37.0,721,920.0
205856,17.0,613,520.0
206624,-5.5,529,70.0
207904,6.0,685,300.0
207936,4.0,655,260.0
209296,12.5,647,430.0
209616,2.5,461,230.0
211248,20.5,649,590.0
211760,22.0,623,620.0
212032,21.0,679,600.0
212128,6.0,525,300.0
212832,34.0,871,860.0
214512,21.5,713,610.0
214944,8.5,591,350.0
215504,20.5,555,590.0
216272,13.5,665,450.0
217296,24.5,721,670.0
219632,66.0,861,1500.0
220032,18.5,651,550.0
220656,11.0,533,400.0
221328,9.5,837,370.0
222096,0.0,579,180.0
222240,12.5,655,430.0
222288,13.5,899,450.0
222352,6.0,463,300.0
222368,21.5,695,610.0
222400,7.0,819,320.0
223440,24.0,1307,660.0
223600,21.5,723,610.0
223616,19.5,569,570.0
225376,9.0,569,360.0
225856,21.5,647,610.0
225920,2.5,539,230.0
227920,12.5,493,430.0
228256,13.0,475,440.0
230432,6.0,509,300.0
230656,3.0,441,240.0
231040,12.5,475,430.0
231776,19.0,605,560.0
232112,19.5,609,570.0
232240,17.0,539,520.0
232880,18.5,665,550.0
233632,33.0,705,840.0
233856,45.5,783,1090.0
233984,26.0,897,700.0
235568,8.0,607,340.0
235760,22.5,649,630.0
236528,48.5,663,1150.0
238688,27.5,673,730.0
240144,20.0,523,580.0
240480,12.5,475,430.0
240752,12.0,607,420.0
241552,54.0,831,1260.0
241744,12.5,493,430.0
242128,43.0,1233,1040.0
242672,15.0,765,480.0
243520,21.5,713,610.0
243664,21.5,605,610.0
244368,28.5,857,750.0
244640,8.0,775,340.0
246160,7.0,783,320.0
247296,22.0,673,620.0
248816,10.0,521,380.0
249504,14.5,585,470.0
249664,34.5,869,870.0
251200,35.0,977,880.0
251648,36.0,681,900.0
251856,38.0,823,940.0
252512,7.0,509,320.0
253776,18.5,571,550.0
254384,23.0,679,640.0
254976,23.5,839,650.0
255008,6.5,829,310.0
255104,23.0,777,640.0
256576,17.5,903,530.0
256864,11.5,825,410.0
256960,1.5,509,210.0
257072,2.5,473,230.0
257488,11.5,489,410.0
258256,51.5,685,1210.0
260576,41.5,901,1010.0
260912,2.0,525,220.0
261680,22.0,627,620.0
262352,21.0,697,600.0
263232,43.5,711,1050.0
264096,13.0,413,440.0
266528,41.5,797,1010.0
267152,47.0,637,1120.0
267376,12.5,657,430.0
268048,18.5,817,550.0
268064,19.0,613,560.0
268272,235.5,823,4890.0
268432,40.0,741,980.0
268640,6.0,723,300.0
268864,10.5,905,390.0
269104,33.0,881,840.0
270240,12.5,493,430.0
270640,6.0,463,300.0
270992,24.5,651,670.0
273440,22.0,735,620.0
273696,10.5,799,390.0
274576,3.0,503,240.0
274976,5.0,475,280.0
275552,36.5,525,910.0
276832,9.5,483,370.0
278320,20.5,889,590.0
278768,27.5,619,730.0
280272,45.5,627,1090.0
280608,51.0,761,1200.0
281760,14.5,857,470.0
282016,18.5,859,550.0
282208,5.5,477,290.0
282896,18.5,575,550.0
283088,45.5,903,1090.0
283136,40.0,759,980.0
283152,33.0,943,840.0
283616,29.5,811,770.0
284528,29.5,693,770.0
285232,2.5,525,230.0
287360,6.5,537,310.0
287504,51.0,783,1200.0
288048,20.5,781,590.0
290544,11.0,549,400.0
290640,23.0,627,640.0
291168,8.0,681,340.0
292768,41.0,515,1000.0
293152,33.0,927,840.0
293168,27.5,697,730.0
293536,17.5,665,530.0
293984,6.0,681,300.0
294240,12.5,693,430.0
295600,10.5,749,390.0
295888,52.0,855,1220.0
297232,20.5,881,590.0
297408,19.5,585,570.0
297824,22.5,787,630.0
298432,61.0,683,1400.0
298784,11.5,509,410.0
299744,21.0,575,600.0
300560,7.5,439,330.0
301040,4.0,493,260.0
303088,30.5,745,790.0
303120,18.0,571,540.0
303824,11.5,691,410.0
303888,38.5,603,950.0
303936,84.0,673,1860.0
304256,1.5,541,210.0
304784,43.0,1089,1040.0
306144,6.5,557,310.0
306240,12.5,647,430.0
307728,2.5,581,230.0
307824,6.5,565,310.0
309680,16.5,741,510.0
309776,30.5,773,790.0
309856,17.5,581,530.0
310256,15.5,657,490.0
312352,-5.5,529,70.0
312624,11.5,543,410.0
312640,5.5,595,290.0
314560,15.5,671,490.0
314704,-5.5,529,70.0
315600,1.5,591,210.0
315680,9.5,915,370.0
316624,16.5,773,510.0
317024,5.5,581,290.0
317216,11.5,777,410.0
317888,14.0,925,460.0
317920,15.0,479,480.0
318144,6.5,529,310.0
319312,15.5,591,490.0
319328,16.5,719,510.0
320992,26.5,701,710.0
321552,5.5,557,290.0
322080,5.5,461,290.0
322560,15.5,621,490.0
323232,5.5,477,290.0
323536,6.5,699,310.0
324848,6.5,573,310.0
326576,7.5,527,330.0
326992,15.0,623,480.0
327408,35.5,593,890.0
327504,25.5,809,690.0
327696,6.5,655,310.0
328080,7.5,547,330.0
328368,21.0,655,600.0
329536,5.5,499,290.0
330624,15.0,707,480.0
331296,6.0,917,300.0
332144,22.5,697,630.0
332384,23.5,553,650.0
332768,15.5,495,490.0
332880,14.5,645,470.0
333232,35.5,625,890.0
333680,19.5,725,570.0
335200,7.5,487,330.0
337024,15.0,559,480.0
337376,15.5,617,490.0
337728,13.5,627,450.0
337808,7.5,517,330.0
338208,14.0,701,460.0
338976,16.5,775,510.0
339808,7.5,479,330.0
339920,6.5,581,310.0
340448,3.5,755,250.0
340592,3.5,581,250.0
343152,15.5,673,490.0
343488,16.5,663,510.0
343840,7.5,663,330.0
343936,8.5,641,350.0
344976,15.5,763,490.0
345296,-2.0,517,140.0
345520,1.0,487,200.0
346448,7.0,703,320.0
347568,4.0,585,260.0
347632,0.0,489,180.0
348048,-0.5,475,170.0
348192,-0.5,475,170.0
348400,17.0,689,520.0
349760,4.0,747,260.0
350352,11.5,711,410.0
350368,32.5,653,830.0
353200,11.5,607,410.0
353616,11.5,605,410.0
353824,27.0,667,720.0
354624,9.5,569,370.0
355664,7.0,739,320.0
356832,17.0,721,520.0
356864,8.5,651,350.0
357280,18.0,607,540.0
357440,12.5,613,430.0
357856,17.5,613,530.0
358368,16.5,623,510.0
358400,27.5,839,730.0
358688,37.0,521,920.0
360112,5.5,647,290.0
361904,14.0,857,460.0
362096,21.5,733,610.0
362720,19.0,595,560.0
363776,33.5,635,850.0
365040,12.5,651,430.0
365456,11.5,511,410.0
366800,6.0,585,300.0
367152,12.5,643,430.0
367344,15.5,593,490.0
367408,24.5,661,670.0
367712,12.5,475,430.0
368528,14.0,919,460.0
368640,33.0,409,840.0
368656,30.5,641,790.0
369232,5.5,679,290.0
370048,17.0,899,520.0
371376,20.5,793,590.0
372112,23.0,587,640.0
372672,23.5,673,650.0
373840,9.0,629,360.0
374688,12.5,493,430.0
375616,14.5,517,470.0
376096,16.0,665,500.0
376448,18.5,581,550.0
377312,20.5,505,590.0
377728,44.5,793,1070.0
378464,8.0,613,340.0
378480,16.0,673,500.0
378896,19.0,641,560.0
379968,6.0,785,300.0
380832,37.5,545,930.0
381088,6.0,785,300.0
381664,17.0,643,520.0
381680,7.0,727,320.0
381872,19.0,575,560.0
384352,4.0,367,260.0
384560,38.0,559,940.0
384608,4.5,357,270.0
385840,14.5,697,470.0
387088,9.0,665,360.0
387136,35.0,831,880.0
387568,4.0,569,260.0
387664,76.0,723,1700.0
388176,5.0,513,280.0
389968,17.0,791,520.0
390288,8.0,591,340.0
390576,36.5,803,910.0
391488,37.5,613,930.0
392176,21.0,657,600.0
392512,8.0,665,340.0
393104,18.5,547,550.0
394048,42.0,593,1020.0
394432,17.5,537,530.0
395248,16.0,507,500.0
395728,14.5,915,470.0
398496,12.5,645,430.0
398784,18.5,531,550.0
399264,23.0,581,640.0
399872,32.0,799,820.0
400752,77.0,1009,1720.0
401024,27.0,835,720.0
401168,19.0,541,560.0
402944,16.5,673,510.0
403552,7.5,653,330.0
403840,8.0,507,340.0
404000,24.0,1027,660.0
404768,7.0,887,320.0
405120,7.0,617,320.0
405168,7.5,695,330.0
406928,3.0,441,240.0
407296,13.0,409,440.0
407664,47.5,1011,1130.0
407696,7.5,575,330.0
408624,12.5,475,430.0
409200,22.5,651,630.0
409200,15.5,923,490.0
409488,33.0,409,840.0
411440,12.5,475,430.0
411792,54.0,783,1260.0
412432,32.5,479,830.0
413056,22.0,743,620.0
413616,19.0,601,560.0
415776,5.5,507,290.0
415808,15.5,555,490.0
415920,8.0,539,340.0
416464,43.5,709,1050.0
416960,8.5,521,350.0
417600,26.5,777,710.0
418176,7.5,655,330.0
419680,17.0,655,520.0
419968,19.5,673,570.0
420064,14.0,661,460.0
420992,19.5,575,570.0
421424,12.5,1117,430.0
421856,81.5,651,1810.0
422848,7.5,651,330.0
423120,18.0,629,540.0
423168,7.5,597,330.0
423936,4.5,501,270.0
427168,11.5,669,410.0
427312,7.0,607,320.0
427664,3.0,475,240.0
427696,15.5,745,490.0
427856,4.0,605,260.0
428720,27.5,735,730.0
429456,13.0,475,440.0
429872,14.5,879,470.0
430480,33.0,409,840.0
431056,18.5,711,550.0
